name,description
Payment Currencies,Cryptocurrencies designed primarily for payments and transactions
Smart Contract Platforms,Blockchain platforms that enable the creation and execution of smart contracts
DeFi,Decentralized Finance protocols and platforms that offer financial services without intermediaries
Privacy Coins,Cryptocurrencies focused on providing enhanced privacy and anonymity for transactions
Exchange Tokens,Utility tokens issued by cryptocurrency exchanges offering trading benefits
NFT Ecosystems,Cryptocurrencies and tokens related to non-fungible tokens and digital collectibles
Layer-2 Solutions,Scaling solutions built on top of existing blockchains to improve performance
Stablecoins,Cryptocurrencies designed to maintain a stable value relative to another asset
Meme Coins,Cryptocurrencies initially created as jokes or based on internet memes
Interoperability,Protocols designed to enable different blockchains to communicate and work together